direction1,direction2,direction3,direction4,direction5,direction6,direction7,direction8
13.883299798792757,16.700201207243463,17.90744466800805,17.706237424547286,15.895372233400403,7.042253521126761,6.639839034205232,4.225352112676057
